repeat,frequency_mhz,s21_db
1,216.986000,-24.018215013094
1,217.066000,-23.934348734501
1,217.146000,-23.841315900417
1,217.226000,-23.720658926147
1,217.306000,-23.642087462308
1,217.386000,-23.535704441104
1,217.466000,-23.460069243930
1,217.546000,-23.356882586697
1,217.626000,-23.247693614951
1,217.706000,-23.148592647206
1,217.786000,-23.053540490647
1,217.866000,-22.958107637819
1,217.946000,-22.858715259587
1,218.026000,-22.770115959553
1,218.106000,-22.661295757156
1,218.186000,-22.565355145935
1,218.266000,-22.478358387778
1,218.346000,-22.372340081524
1,218.426000,-22.274877862123
1,218.506000,-22.189854318731
1,218.586000,-22.096640704593
1,218.666000,-22.000205386469
1,218.746000,-21.914533802595
1,218.826000,-21.817638304099
1,218.906000,-21.724938734034
1,218.986000,-21.637236339540
1,219.066000,-21.563084678958
1,219.146000,-21.480585517496
1,219.226000,-21.394940053882
1,219.306000,-21.302482153868
1,219.386000,-21.233523037485
1,219.466000,-21.153070132719
1,219.546000,-21.096075245117
1,219.626000,-21.019945391685
1,219.706000,-20.957524894649
1,219.786000,-20.895296318931
1,219.866000,-20.833785457884
1,219.946000,-20.767630665188
1,220.026000,-20.721974861907
1,220.106000,-20.680007580307
1,220.186000,-20.638805462214
1,220.266000,-20.597925496772
1,220.346000,-20.562494999233
1,220.426000,-20.536674564278
1,220.506000,-20.516435501663
1,220.586000,-20.491714795810
1,220.666000,-20.475851672030
1,220.746000,-20.473728644506
1,220.826000,-20.471901215146
1,220.906000,-20.475990572939
1,220.986000,-20.498696443532
1,221.066000,-20.496334474628
1,221.146000,-20.519520997472
1,221.226000,-20.546197422217
1,221.306000,-20.580781461393
1,221.386000,-20.620424674819
1,221.466000,-20.661535701652
1,221.546000,-20.718199940427
1,221.626000,-20.774285356981
1,221.706000,-20.831516303848
1,221.786000,-20.893219184658
1,221.866000,-20.964857412565
1,221.946000,-21.036511733991
1,222.026000,-21.125332757176
1,222.106000,-21.204880463214
1,222.186000,-21.287074778722
1,222.266000,-21.380482714076
1,222.346000,-21.480489841338
1,222.426000,-21.581410436420
1,222.506000,-21.679196487086
1,222.586000,-21.792408784870
1,222.666000,-21.890610831661
1,222.746000,-22.003494610472
1,222.826000,-22.125708684523
1,222.906000,-22.227456621311
1,222.986000,-22.340302870978
1,223.066000,-22.461460545500
1,223.146000,-22.587294902677
1,223.226000,-22.715153932599
1,223.306000,-22.825905774618
1,223.386000,-22.952954480452
1,223.466000,-23.088167285730
1,223.546000,-23.205312662362
1,223.626000,-23.336226219253
1,223.706000,-23.442503338942
1,223.786000,-23.580889823759
1,223.866000,-23.711328530803
1,223.946000,-23.834654017650
1,224.026000,-23.953564524543
1,224.106000,-24.095661877562
1,224.186000,-24.215091484441
1,224.266000,-24.347037488704
1,224.346000,-24.478600887466
1,224.426000,-24.601203855381
1,224.506000,-24.734349265858
1,224.586000,-24.863040738045
1,224.666000,-24.987882345615
1,224.746000,-25.117939463771
1,224.826000,-25.253091434819
1,224.906000,-25.354555994634
1,224.986000,-25.481301893679
2,216.986000,-24.019362338005
2,217.066000,-23.925170845473
2,217.146000,-23.836973245806
2,217.226000,-23.738161053118
2,217.306000,-23.634630715832
2,217.386000,-23.547588542801
2,217.466000,-23.445897839417
2,217.546000,-23.349121077437
2,217.626000,-23.252201794279
2,217.706000,-23.158368284162
2,217.786000,-23.061967591308
2,217.866000,-22.962932400399
2,217.946000,-22.866460676954
2,218.026000,-22.772242369254
2,218.106000,-22.671681145785
2,218.186000,-22.567563684737
2,218.266000,-22.482378202220
2,218.346000,-22.371841164522
2,218.426000,-22.276582988040
2,218.506000,-22.184314496918
2,218.586000,-22.104802992469
2,218.666000,-22.006970298913
2,218.746000,-21.916650811680
2,218.826000,-21.813229348278
2,218.906000,-21.728757621948
2,218.986000,-21.641388014114
2,219.066000,-21.555070326625
2,219.146000,-21.469847879983
2,219.226000,-21.386511522029
2,219.306000,-21.299334584197
2,219.386000,-21.234163082910
2,219.466000,-21.158009165939
2,219.546000,-21.080057461235
2,219.626000,-21.011582027014
2,219.706000,-20.944904865374
2,219.786000,-20.876960356810
2,219.866000,-20.835016931035
2,219.946000,-20.773009498582
2,220.026000,-20.724681859513
2,220.106000,-20.676623848327
2,220.186000,-20.641018840621
2,220.266000,-20.592702298655
2,220.346000,-20.567215566105
2,220.426000,-20.529742999244
2,220.506000,-20.511576009238
2,220.586000,-20.499112768372
2,220.666000,-20.484435756159
2,220.746000,-20.475974085582
2,220.826000,-20.465637803438
2,220.906000,-20.476687541869
2,220.986000,-20.483241575313
2,221.066000,-20.501890289950
2,221.146000,-20.523041331680
2,221.226000,-20.556522148644
2,221.306000,-20.590758376481
2,221.386000,-20.617402416846
2,221.466000,-20.666181917551
2,221.546000,-20.711965210601
2,221.626000,-20.775678440464
2,221.706000,-20.824885859020
2,221.786000,-20.895087081614
2,221.866000,-20.967632431634
2,221.946000,-21.037795385649
2,222.026000,-21.119794610291
2,222.106000,-21.192614624155
2,222.186000,-21.293937906285
2,222.266000,-21.382277591520
2,222.346000,-21.479013018705
2,222.426000,-21.574179521268
2,222.506000,-21.678535857429
2,222.586000,-21.782028953025
2,222.666000,-21.889942949942
2,222.746000,-22.002298745096
2,222.826000,-22.118627648757
2,222.906000,-22.233938020692
2,222.986000,-22.340630753633
2,223.066000,-22.462028998254
2,223.146000,-22.582158593988
2,223.226000,-22.699464139983
2,223.306000,-22.830565265599
2,223.386000,-22.945562326249
2,223.466000,-23.082748959879
2,223.546000,-23.201680047452
2,223.626000,-23.334129376152
2,223.706000,-23.457830322194
2,223.786000,-23.576808514621
2,223.866000,-23.719043495916
2,223.946000,-23.832500678431
2,224.026000,-23.958948742384
2,224.106000,-24.069930434556
2,224.186000,-24.219980034543
2,224.266000,-24.348693047339
2,224.346000,-24.464885200866
2,224.426000,-24.603054947400
2,224.506000,-24.735080733322
2,224.586000,-24.858483903842
2,224.666000,-24.968659503413
2,224.746000,-25.106391353558
2,224.826000,-25.245823921670
2,224.906000,-25.361910233565
2,224.986000,-25.484601380450
3,216.986000,-24.015604571810
3,217.066000,-23.923079153575
3,217.146000,-23.839683423680
3,217.226000,-23.729299546780
3,217.306000,-23.640418299813
3,217.386000,-23.542417378031
3,217.466000,-23.437899951453
3,217.546000,-23.333042949036
3,217.626000,-23.256343157773
3,217.706000,-23.156967435219
3,217.786000,-23.059849349618
3,217.866000,-22.975761174313
3,217.946000,-22.861366805969
3,218.026000,-22.770549255830
3,218.106000,-22.663628027992
3,218.186000,-22.572101964585
3,218.266000,-22.467823554548
3,218.346000,-22.379734316088
3,218.426000,-22.290606947310
3,218.506000,-22.183774144634
3,218.586000,-22.092588987098
3,218.666000,-22.003949748641
3,218.746000,-21.911248757604
3,218.826000,-21.815686525058
3,218.906000,-21.719258931990
3,218.986000,-21.636479397078
3,219.066000,-21.551473709344
3,219.146000,-21.475943916432
3,219.226000,-21.391666601241
3,219.306000,-21.313736701527
3,219.386000,-21.229241307522
3,219.466000,-21.159252128715
3,219.546000,-21.092156922975
3,219.626000,-21.009239830326
3,219.706000,-20.947341736066
3,219.786000,-20.894462901485
3,219.866000,-20.825781575215
3,219.946000,-20.774300724254
3,220.026000,-20.719811232010
3,220.106000,-20.677600266914
3,220.186000,-20.630440818615
3,220.266000,-20.586314370839
3,220.346000,-20.566140660409
3,220.426000,-20.524555454427
3,220.506000,-20.500679256355
3,220.586000,-20.489851971485
3,220.666000,-20.476932187059
3,220.746000,-20.473578374580
3,220.826000,-20.469954008399
3,220.906000,-20.471200891344
3,220.986000,-20.520196859264
3,221.066000,-20.500066947252
3,221.146000,-20.513508081003
3,221.226000,-20.552943134724
3,221.306000,-20.574255969230
3,221.386000,-20.624741217082
3,221.466000,-20.666881724466
3,221.546000,-20.712220395083
3,221.626000,-20.770296567475
3,221.706000,-20.825516865721
3,221.786000,-20.888594396969
3,221.866000,-20.961268162350
3,221.946000,-21.045217523973
3,222.026000,-21.127505121151
3,222.106000,-21.209851721611
3,222.186000,-21.287795955272
3,222.266000,-21.383830411739
3,222.346000,-21.475902890395
3,222.426000,-21.575121942014
3,222.506000,-21.673884338029
3,222.586000,-21.786464371702
3,222.666000,-21.891677284483
3,222.746000,-22.005922700613
3,222.826000,-22.107259191303
3,222.906000,-22.229190852674
3,222.986000,-22.340996337179
3,223.066000,-22.468092182982
3,223.146000,-22.589682067891
3,223.226000,-22.711090722333
3,223.306000,-22.830573193951
3,223.386000,-22.948392681621
3,223.466000,-23.075010180596
3,223.546000,-23.189496634951
3,223.626000,-23.333862645792
3,223.706000,-23.456878578531
3,223.786000,-23.586844446425
3,223.866000,-23.698545856870
3,223.946000,-23.828044902711
3,224.026000,-23.971857239830
3,224.106000,-24.095781371629
3,224.186000,-24.212637818510
3,224.266000,-24.346800235012
3,224.346000,-24.476933275312
3,224.426000,-24.616562552355
3,224.506000,-24.732451834597
3,224.586000,-24.855856512161
3,224.666000,-24.981662236380
3,224.746000,-25.112297139439
3,224.826000,-25.241443951094
3,224.906000,-25.350880028241
3,224.986000,-25.486194436248
4,216.986000,-24.018171590462
4,217.066000,-23.924290046464
4,217.146000,-23.816876434055
4,217.226000,-23.738566101530
4,217.306000,-23.637280898965
4,217.386000,-23.556246409420
4,217.466000,-23.433122454115
4,217.546000,-23.356957975564
4,217.626000,-23.260108976270
4,217.706000,-23.163139347101
4,217.786000,-23.052692118062
4,217.866000,-22.957507286598
4,217.946000,-22.862443056132
4,218.026000,-22.765248024151
4,218.106000,-22.668505085898
4,218.186000,-22.572618628385
4,218.266000,-22.468745947970
4,218.346000,-22.374537231813
4,218.426000,-22.289682760021
4,218.506000,-22.187421553112
4,218.586000,-22.084834316413
4,218.666000,-22.006414692779
4,218.746000,-21.907094347907
4,218.826000,-21.823094382618
4,218.906000,-21.728396993168
4,218.986000,-21.646572647734
4,219.066000,-21.555964993908
4,219.146000,-21.480318812784
4,219.226000,-21.389477628902
4,219.306000,-21.313239680615
4,219.386000,-21.222387208607
4,219.466000,-21.151665363959
4,219.546000,-21.082224424728
4,219.626000,-21.027144550747
4,219.706000,-20.951832634822
4,219.786000,-20.888663837745
4,219.866000,-20.830625438344
4,219.946000,-20.767830541160
4,220.026000,-20.725915427883
4,220.106000,-20.680695983263
4,220.186000,-20.635709575420
4,220.266000,-20.603562801410
4,220.346000,-20.562235174947
4,220.426000,-20.541200419907
4,220.506000,-20.503495243781
4,220.586000,-20.489151477104
4,220.666000,-20.480551980329
4,220.746000,-20.478623664393
4,220.826000,-20.483042239316
4,220.906000,-20.478162822947
4,220.986000,-20.452234126995
4,221.066000,-20.500419400983
4,221.146000,-20.524770207818
4,221.226000,-20.539112249569
4,221.306000,-20.581792672677
4,221.386000,-20.623351308711
4,221.466000,-20.672943631755
4,221.546000,-20.714086736077
4,221.626000,-20.759965142356
4,221.706000,-20.825028049513
4,221.786000,-20.899128994916
4,221.866000,-20.967536386901
4,221.946000,-21.046914847666
4,222.026000,-21.122527674386
4,222.106000,-21.202091698407
4,222.186000,-21.293673527836
4,222.266000,-21.383699206441
4,222.346000,-21.479167511393
4,222.426000,-21.578786305383
4,222.506000,-21.674859416704
4,222.586000,-21.787472945337
4,222.666000,-21.898505786691
4,222.746000,-22.004452567968
4,222.826000,-22.114952351718
4,222.906000,-22.225725115803
4,222.986000,-22.348630490120
4,223.066000,-22.465520809375
4,223.146000,-22.585422083435
4,223.226000,-22.704070833556
4,223.306000,-22.832741058306
4,223.386000,-22.959139284530
4,223.466000,-23.078265270885
4,223.546000,-23.191051168744
4,223.626000,-23.328863258262
4,223.706000,-23.456372077733
4,223.786000,-23.583179538685
4,223.866000,-23.705865976969
4,223.946000,-23.835593870679
4,224.026000,-23.966221020960
4,224.106000,-24.094963294073
4,224.186000,-24.213161113838
4,224.266000,-24.352564676606
4,224.346000,-24.464950206804
4,224.426000,-24.601736766990
4,224.506000,-24.733308020626
4,224.586000,-24.848526810766
4,224.666000,-24.986868838769
4,224.746000,-25.127819751999
4,224.826000,-25.239071162059
4,224.906000,-25.367937592216
4,224.986000,-25.490268398131
5,216.986000,-24.015698192449
5,217.066000,-23.924831938368
5,217.146000,-23.839220723779
5,217.226000,-23.737884326867
5,217.306000,-23.639130744889
5,217.386000,-23.543845090123
5,217.466000,-23.446841447823
5,217.546000,-23.348041407715
5,217.626000,-23.248099716045
5,217.706000,-23.151422159978
5,217.786000,-23.054719881354
5,217.866000,-22.964775772964
5,217.946000,-22.864651271886
5,218.026000,-22.770126228972
5,218.106000,-22.652715068950
5,218.186000,-22.565574905678
5,218.266000,-22.467460308266
5,218.346000,-22.374059943444
5,218.426000,-22.283590991515
5,218.506000,-22.181011601005
5,218.586000,-22.088541438992
5,218.666000,-21.996169876827
5,218.746000,-21.912324134790
5,218.826000,-21.819845116149
5,218.906000,-21.737678315013
5,218.986000,-21.636513766309
5,219.066000,-21.561664554050
5,219.146000,-21.475231350139
5,219.226000,-21.387179129047
5,219.306000,-21.312173927473
5,219.386000,-21.230159618928
5,219.466000,-21.156354029033
5,219.546000,-21.082672984724
5,219.626000,-21.015281291776
5,219.706000,-20.946883493288
5,219.786000,-20.887787416859
5,219.866000,-20.837494198191
5,219.946000,-20.774063240694
5,220.026000,-20.720644744531
5,220.106000,-20.680247176723
5,220.186000,-20.632215081054
5,220.266000,-20.603637975339
5,220.346000,-20.558194182473
5,220.426000,-20.538914209004
5,220.506000,-20.509803436259
5,220.586000,-20.492929721284
5,220.666000,-20.466824614979
5,220.746000,-20.476803153671
5,220.826000,-20.468609560985
5,220.906000,-20.471958862291
5,220.986000,-20.521676048331
5,221.066000,-20.501413589783
5,221.146000,-20.523935595533
5,221.226000,-20.547855420143
5,221.306000,-20.584013256341
5,221.386000,-20.625361668344
5,221.466000,-20.675321928803
5,221.546000,-20.711849975809
5,221.626000,-20.770770740656
5,221.706000,-20.827050478426
5,221.786000,-20.892361783775
5,221.866000,-20.955758073680
5,221.946000,-21.031529120994
5,222.026000,-21.116458606453
5,222.106000,-21.208078517379
5,222.186000,-21.288842355298
5,222.266000,-21.380737035929
5,222.346000,-21.472296667406
5,222.426000,-21.577764658359
5,222.506000,-21.676410422622
5,222.586000,-21.791065346399
5,222.666000,-21.890539621572
5,222.746000,-21.994387512523
5,222.826000,-22.114726364184
5,222.906000,-22.223619573544
5,222.986000,-22.347919553635
5,223.066000,-22.459254600845
5,223.146000,-22.580475811320
5,223.226000,-22.703019853855
5,223.306000,-22.832828379196
5,223.386000,-22.951493197308
5,223.466000,-23.070777713880
5,223.546000,-23.196423299685
5,223.626000,-23.324907237844
5,223.706000,-23.460077118609
5,223.786000,-23.581503712438
5,223.866000,-23.716292050537
5,223.946000,-23.839661007892
5,224.026000,-23.968278930670
5,224.106000,-24.088468531347
5,224.186000,-24.209630941385
5,224.266000,-24.331899679423
5,224.346000,-24.475357499060
5,224.426000,-24.606338865844
5,224.506000,-24.736300141823
5,224.586000,-24.856921065700
5,224.666000,-24.995091541984
5,224.746000,-25.099580594295
5,224.826000,-25.238051189813
5,224.906000,-25.372486966539
5,224.986000,-25.504472543047
