symbol_position_ms,magnitude
0,2.89746827245
0.001,11.6810888433
0.002,0.956510539548
0.003,1.83210208207
0.004,4.16302818173
0.005,5.28244769177
0.006,0.702738767895
0.007,4.83025089846
0.008,5.25135365049
0.009,1.64306782507
0.01,1.6979837389
0.011,1.60837296869
0.012,4.06800993266
0.013,4.87494283417
0.014,3.05592186651
0.015,1.55355803191
0.016,4.91453013297
0.017,1.13188492712
0.018,3.1889833914
0.019,3.28769885317
0.02,0.574359784759
0.021,3.64463633536
0.022,0.639014757888
0.023,2.39934591625
0.024,7.457529578
0.025,2.98398824291
0.026,7.15762436715
0.027,2.51181317409
0.028,1.89909195421
0.029,7.15640780347
0.03,3.91952133827
0.031,2.00469997088
0.032,1.60342350527
0.033,2.526606679
0.034,1.85223883192
0.035,0.549820678572
0.036,1.76276558938
0.037,4.18997850892
0.038,7.29876311478
0.039,4.35021057126
0.04,4.14143049003
0.041,2.59419650728
0.042,0.503702309873
0.043,2.37817110146
0.044,5.41225750001
0.045,2.67835262505
0.046,6.06069012878
0.047,3.59249241855
0.048,0.362991139855
0.049,3.34876038005
0.05,2.25376408344
0.051,3.64453221496
0.052,3.09361949461
0.053,1.3262061331
0.054,0.61599044906
0.055,5.57378621402
0.056,1.99285750687
0.057,0.916072971722
0.058,2.34288120407
0.059,2.27353735756
0.06,0.506125047876
0.061,2.7151059172
0.062,4.28791732072
0.063,0.537166171903
0.064,1.72299902572
0.065,1.47929047254
0.066,4.41519707193
0.067,2.23658405526
0.068,3.01447210617
0.069,1.69636033652
0.07,1.15246066259
0.071,4.79158051116
0.072,2.71481454065
0.073,1.61957837688
0.074,2.50233879494
0.075,2.96039912228
0.076,1.68945331426
0.077,1.09867999326
0.078,1.42709976599
0.079,2.25979915113
0.08,3.25315455263
0.081,3.48565803478
0.082,2.58620213703
0.083,3.13929683137
0.084,2.05281487108
0.085,7.22034202057
0.086,3.32680811876
0.087,3.21082374589
0.088,3.9444016649
0.089,3.8472922716
0.09,4.33720269421
0.091,2.89109656276
0.092,5.20586333839
0.093,3.99449859748
0.094,1.92141989486
0.095,4.08636713819
0.096,4.15946596966
0.097,4.40264878037
0.098,3.27559041468
0.099,0.199187340864
0.1,1.48002849801
0.101,1.92776601014
0.102,1.86498244089
0.103,4.00576690269
0.104,1.5824707917
0.105,3.08343152291
0.106,1.5887446244
0.107,3.39768800159
0.108,2.27238583339
0.109,2.67337255032
0.11,1.73861695459
0.111,4.69697749088
0.112,5.73249965997
0.113,4.23489860423
0.114,3.59774066514
0.115,4.74431031882
0.116,1.80972844401
0.117,4.21664756901
0.118,3.34716065298
0.119,4.94023717595
0.12,2.13826196225
0.121,5.88389375526
0.122,1.55687243027
0.123,2.32075244126
0.124,1.45112943475
0.125,1.32994882347
0.126,2.67494230795
0.127,1.76483433107
0.128,2.11224500345
0.129,2.01336634641
0.13,2.23259548044
0.131,1.28019490622
0.132,3.84003415383
0.133,0.582541687007
0.134,0.781697767691
0.135,3.89629713554
0.136,3.11938807992
0.137,1.80748397839
0.138,1.70501151833
0.139,1.84850231944
0.14,1.49965134391
0.141,3.04568897812
0.142,3.29452414122
0.143,1.57881456905
0.144,5.08230854582
0.145,5.12207988
0.146,0.757456214233
0.147,3.47047748532
0.148,2.61825183195
0.149,3.98433977162
0.15,2.17941213441
0.151,4.67030001865
0.152,1.46481527428
0.153,3.51456530389
0.154,1.06527958068
0.155,4.29386295164
0.156,1.26658410254
0.157,2.24274793862
0.158,2.32352175349
0.159,4.54364447521
0.16,2.15993699115
0.161,4.02061937037
0.162,5.15180928522
0.163,2.78261386844
0.164,1.02384595172
0.165,3.4991964199
0.166,4.36434788409
0.167,1.5696947191
0.168,1.07532694829
0.169,0.918223408001
0.17,4.95351123231
0.171,0.539064910088
0.172,1.05764914776
0.173,1.93371730579
0.174,2.51120717656
0.175,2.39669518311
0.176,4.14102831945
0.177,2.03322468195
0.178,2.21428993611
0.179,2.73070421856
0.18,2.84661578036
0.181,1.05203944308
0.182,1.3382702062
0.183,3.95450023874
0.184,6.31447609434
0.185,2.7982579046
0.186,1.17867880911
0.187,0.88095223653
0.188,2.34377679828
0.189,0.980168592648
0.19,4.42942543279
0.191,2.92793150754
0.192,2.85327731441
0.193,3.43881855884
0.194,3.16814938186
0.195,2.39363516382
0.196,2.2255920563
0.197,0.920181360829
0.198,2.55645875836
0.199,3.89709169778
0.2,2.06248291875
0.201,3.86650834912
0.202,3.73164478261
0.203,3.60019823291
0.204,2.84766231251
0.205,2.56057411807
0.206,3.32260772887
0.207,6.15590418232
0.208,1.76690421733
0.209,0.977163816013
0.21,3.47165074118
0.211,3.55668751521
0.212,3.09552961321
0.213,3.7691953875
0.214,5.3448144032
0.215,1.04383308501
0.216,1.67400480194
0.217,0.805864955716
0.218,0.355593717173
0.219,0.479334265318
0.22,2.12151842782
0.221,1.90016505072
0.222,3.6321114857
0.223,2.99974455245
0.224,0.265490097542
0.225,3.24977352181
0.226,2.65038080523
0.227,4.04885255528
0.228,7.48418949602
0.229,1.21553222337
0.23,2.30150621159
0.231,1.5278431123
0.232,3.02062672864
0.233,2.03673240957
0.234,1.55630374138
0.235,4.02337621907
0.236,2.45981857804
0.237,1.50073824226
0.238,4.18533212349
0.239,2.42910687542
0.24,1.7378058848
0.241,5.44730770567
0.242,1.45439931894
0.243,3.35895436669
0.244,4.51654811889
0.245,0.661582074523
0.246,0.788924692472
0.247,4.08698414305
0.248,3.44401947037
0.249,2.52300702463
0.25,2.35174214262
0.251,2.21478487812
0.252,5.97500138241
0.253,4.5919791945
0.254,2.78524765407
0.255,1.25398466422
0.256,1.50444195212
0.257,2.93319772665
0.258,2.13963932348
0.259,2.00982117424
0.26,2.41268284185
0.261,1.59079841172
0.262,2.74339803032
0.263,0.972288732247
0.264,0.319965546096
0.265,3.17647746134
0.266,3.33413150526
0.267,1.59518482594
0.268,3.51258655973
0.269,1.05987908426
0.27,1.45064640125
0.271,3.2019022876
0.272,2.47590953719
0.273,1.6119182496
0.274,4.34263787635
0.275,1.93164252705
0.276,3.56207422277
0.277,5.0026413425
0.278,3.20403353779
0.279,5.38646354092
0.28,5.13747643994
0.281,3.67697134184
0.282,2.87549975894
0.283,4.14049993938
0.284,2.74127539739
0.285,2.10152519385
0.286,2.11034958495
0.287,2.80811038645
0.288,0.669065372027
0.289,0.0156309398484
0.29,2.18862661363
0.291,1.55917804341
0.292,1.27022169699
0.293,3.43068848597
0.294,2.52997331194
0.295,3.06922247389
0.296,2.18377181491
0.297,5.99690228452
0.298,1.15880686185
0.299,1.69051144823
0.3,1.87072902088
0.301,3.24908580479
0.302,1.41494555009
0.303,4.66380753935
0.304,4.55902735512
0.305,1.62590449403
0.306,2.52407316818
0.307,2.77123543964
0.308,2.21117161309
0.309,2.38422233501
0.31,0.290162481836
0.311,3.00001938337
0.312,2.48575823627
0.313,0.869052124643
0.314,1.9854519904
0.315,2.61463330491
0.316,1.5866720045
0.317,3.21347911694
0.318,0.472619631159
0.319,3.47415405249
0.32,3.05934440626
0.321,0.109763509238
0.322,0.395480908261
0.323,0.614231257612
0.324,3.64880655976
0.325,0.417247514523
0.326,3.25725995835
0.327,1.11951481523
0.328,2.82139932929
0.329,2.31662449773
0.33,7.81036761823
0.331,3.67594510244
0.332,3.90904746554
0.333,2.74285669811
0.334,5.24311329551
0.335,4.68907213786
0.336,1.29869441043
0.337,2.17760974515
0.338,3.67953994018
0.339,5.17126431494
0.34,5.79663019965
0.341,1.3168290047
0.342,2.1396658512
0.343,2.8915129329
0.344,1.76477801155
0.345,0.793735050528
0.346,1.36365006538
0.347,1.99860280881
0.348,2.11584376787
0.349,1.97410488161
0.35,2.7311001229
0.351,3.03043829388
0.352,3.04134644518
0.353,3.41659106309
0.354,2.80695054949
0.355,3.99797166529
0.356,3.56495449645
0.357,3.25246699361
0.358,2.86203102515
0.359,1.1023967223
0.36,3.50539062193
0.361,2.23625464216
0.362,2.40332020953
0.363,3.57680366122
0.364,0.64274632654
0.365,1.38708762855
0.366,2.93525321883
0.367,2.62183917663
0.368,1.87710765005
0.369,3.21284433367
0.37,3.20804484136
0.371,3.78184453791
0.372,1.88100096261
0.373,2.30304973801
0.374,5.84340297816
0.375,3.87194772995
0.376,1.96282131305
0.377,3.79202017656
0.378,2.1387985177
0.379,2.86109112661
0.38,3.33905814828
0.381,2.09723666404
0.382,3.90262986584
0.383,3.74577414248
0.384,1.14187252714
0.385,2.21558982534
0.386,3.23455300242
0.387,1.61694345788
0.388,2.88150431831
0.389,4.16950958486
0.39,0.419334635591
0.391,1.81413909395
0.392,1.70836651632
0.393,2.64656518932
0.394,2.63931360196
0.395,4.24740399268
0.396,0.502022997172
0.397,1.4200158026
0.398,4.38781369928
0.399,2.61364003399
0.4,1.25118208844
0.401,1.17591104745
0.402,5.62865825149
0.403,6.1311671947
0.404,2.36596573905
0.405,1.43148404286
0.406,1.70833728443
0.407,4.27294908122
0.408,5.43835059434
0.409,2.07871349618
0.41,3.75919273832
0.411,5.57391949837
0.412,2.38674515192
0.413,1.77736611736
0.414,2.44476159262
0.415,1.98786456185
0.416,2.38198750823
0.417,1.00629423625
0.418,2.51560241702
0.419,2.57560766017
0.42,1.92580329296
0.421,2.05664483464
0.422,2.84213457899
0.423,3.18450444581
0.424,3.82818086135
0.425,0.995352688037
0.426,4.34780258755
0.427,4.06754755111
0.428,0.824617233462
0.429,0.938662013714
0.43,3.0876022097
0.431,1.47096672514
0.432,2.64315029918
0.433,3.34076107732
0.434,4.25254079311
0.435,2.84665198133
0.436,1.96116018264
0.437,2.11840181951
0.438,1.69103632476
0.439,5.81649895128
0.44,5.12234188337
0.441,1.76712235904
0.442,0.269686760849
0.443,3.68936275729
0.444,3.56049584109
0.445,1.13840496562
0.446,1.34854242811
0.447,3.15965508487
0.448,1.39543789432
0.449,2.50718003444
0.45,0.976333004477
0.451,3.45913473204
0.452,3.57666199799
0.453,4.85221914881
0.454,2.19085239965
0.455,1.89453132583
0.456,3.14615757272
0.457,4.01043414514
0.458,2.10102106793
0.459,3.77403585809
0.46,1.83751502217
0.461,4.41446688493
0.462,3.24438442623
0.463,1.07512864307
0.464,3.28752444107
0.465,2.34396105207
0.466,0.921099628653
0.467,0.839279562269
0.468,0.405013292196
0.469,3.19789794929
0.47,2.65331362759
0.471,4.83948371699
0.472,3.24833545016
0.473,2.43539779965
0.474,1.15683092732
0.475,3.5170620737
0.476,2.50115301832
0.477,5.64357567077
0.478,2.48824123253
0.479,1.21475118518
0.48,1.9358664019
0.481,2.78668850861
0.482,0.466455784712
0.483,2.84345254194
0.484,0.446953092536
0.485,4.08758366107
0.486,1.68220433768
0.487,2.01950721944
0.488,4.18329420527
0.489,5.76882536848
0.49,1.41401191286
0.491,1.10645750916
0.492,0.876980544445
0.493,1.44651646004
0.494,4.90712093152
0.495,3.01971664399
0.496,0.300661622076
0.497,1.28994162195
0.498,6.45327453291
0.499,6.15781424741
0.5,3.97738748156
0.501,2.01923863641
0.502,5.76967307288
0.503,4.60056521254
0.504,2.86417915257
0.505,2.61169492248
0.506,1.29587467135
0.507,2.49762165754
0.508,2.26777688478
0.509,3.68348653116
0.51,0.336684864185
0.511,1.04521625191
0.512,1.80147445762
0.513,4.70715146928
0.514,3.13844336315
0.515,2.78451307483
0.516,3.76809764746
0.517,0.628198432938
0.518,7.81304466081
0.519,4.58838299976
0.52,1.34458857359
0.521,4.16569450141
0.522,2.18053002414
0.523,0.381730508592
0.524,2.49440098987
0.525,2.2261637683
0.526,2.35020240948
0.527,1.41091499074
0.528,2.32890972431
0.529,0.399384451826
0.53,2.39598120918
0.531,1.59269556665
0.532,4.36500090147
0.533,4.18893173423
0.534,2.54749790305
0.535,1.39437118731
0.536,1.00270700404
0.537,0.83625826786
0.538,4.68065535439
0.539,1.29030723522
0.54,3.48015570973
0.541,1.6663208078
0.542,1.04945599389
0.543,2.96094380802
0.544,1.55556033042
0.545,3.16326486105
0.546,1.94352811454
0.547,4.24260863261
0.548,0.5177160823
0.549,1.75948435163
0.55,2.39726378238
0.551,2.5644771235
0.552,2.40409771925
0.553,1.07595397334
0.554,4.55773202967
0.555,2.35498621249
0.556,4.02600903124
0.557,1.75913247349
0.558,2.88141302769
0.559,3.9325647722
0.56,1.01066967801
0.561,1.65616582017
0.562,1.53467351979
0.563,3.25911410393
0.564,7.23630616984
0.565,0.982704794587
0.566,4.35407618718
0.567,4.76868778967
0.568,1.66211256613
0.569,1.24980919302
0.57,1.89861780487
0.571,2.96830171099
0.572,1.54893106208
0.573,3.14891180334
0.574,1.92889401116
0.575,1.99719984492
0.576,2.49929373806
0.577,2.87758237965
0.578,5.5414397765
0.579,4.26749202335
0.58,3.53512498735
0.581,5.14471462826
0.582,4.29043289549
0.583,4.68171935335
0.584,4.68465283979
0.585,4.45469507537
0.586,2.02358889528
0.587,1.45664211738
0.588,3.21850551038
0.589,1.31843248611
0.59,5.95282228622
0.591,1.33781480137
0.592,0.845819895812
0.593,1.66055620501
0.594,2.41213776453
0.595,4.85770783416
0.596,1.67278907343
0.597,1.79010158988
0.598,2.00564529022
0.599,2.35827877791
0.6,2.81180452727
0.601,5.01337638413
0.602,3.49620331385
0.603,2.80583358111
0.604,1.65392454533
0.605,1.70757305077
0.606,1.27943497652
0.607,0.3392046276
0.608,3.5089022339
0.609,1.63276668787
0.61,3.80841344927
0.611,1.03239673022
0.612,2.37394176843
0.613,1.83926084494
0.614,2.04624707076
0.615,1.24335480655
0.616,1.65700020724
0.617,3.38569799138
0.618,4.1926990119
0.619,1.63605376732
0.62,0.339391035819
0.621,1.68198439725
0.622,1.42767759679
0.623,1.19653444533
0.624,2.74082993803
0.625,1.18747458151
0.626,2.67890558808
0.627,3.20176180542
0.628,2.80037765891
0.629,4.04041133026
0.63,6.26348247367
0.631,3.35778170383
0.632,2.46649062008
0.633,2.66150909496
0.634,1.67459412923
0.635,2.49060538019
0.636,2.7951562188
0.637,2.70716717432
0.638,6.26034339736
0.639,1.57487137963
0.64,1.6769323924
0.641,4.01519856317
0.642,3.39500167379
0.643,1.51121781762
0.644,5.4864958365
0.645,2.71982906284
0.646,2.31956007253
0.647,1.32429990818
0.648,3.34867935946
0.649,6.54286966963
0.65,2.7123401399
0.651,4.72803352939
0.652,1.34448864875
0.653,3.69644659233
0.654,2.22627045792
0.655,1.98887798598
0.656,0.702503089141
0.657,8.10905225183
0.658,2.27461958025
0.659,4.16349621257
0.66,4.04294174304
0.661,3.95772059231
0.662,10.9087933089
0.663,6.57955268665
0.664,9.28549190379
0.665,12.3807926475
0.666,9.44467715183
0.667,9.30804552265
0.668,4.78854024394
0.669,10.952976006
0.67,11.0663989213
0.671,12.3503666683
0.672,9.09312686805
0.673,9.04443542617
0.674,7.55408726515
0.675,9.26629677631
0.676,7.52304487922
0.677,9.32861893382
0.678,7.47166002371
0.679,4.47237394442
0.68,13.1360429715
0.681,8.71379194546
0.682,8.7648757378
0.683,9.11857380777
0.684,8.67963115784
0.685,9.52424639462
0.686,8.145565389
0.687,11.3755236704
0.688,10.296272128
0.689,8.73591704377
0.69,16.4741864268
0.691,9.31568616564
0.692,12.2480030551
0.693,10.9618239041
0.694,6.92933867025
0.695,6.21278308951
0.696,13.352831527
0.697,8.67837474705
0.698,9.71713210118
0.699,0.612093017716
0.7,14.7087079437
0.701,11.072068928
0.702,11.1465166464
0.703,11.2397147812
0.704,8.32676676368
0.705,13.1070159334
0.706,9.87765132382
0.707,5.79023463954
0.708,14.294107378
0.709,4.92345443307
0.71,8.18282226294
0.711,5.71945332359
0.712,8.54084402152
0.713,10.1235192958
0.714,6.05334213955
0.715,6.00669753137
0.716,6.89642777599
0.717,5.55223399843
0.718,10.6537375888
0.719,5.12735353035
0.72,7.51133798725
0.721,9.99181522939
0.722,6.98880006152
0.723,10.5033554066
0.724,4.51808737863
0.725,11.3259260827
0.726,6.97323584204
0.727,10.1260831701
0.728,7.43132088494
0.729,8.13683297521
0.73,11.0369178754
0.731,5.25115125644
0.732,11.6268028578
0.733,8.82987596898
0.734,7.41152843572
0.735,10.096037607
0.736,9.24780237962
0.737,5.92208608669
0.738,6.10268275218
0.739,6.9520277851
0.74,14.6690523683
0.741,9.4573487859
0.742,8.64924353481
0.743,11.5828068466
0.744,6.63494894124
0.745,6.54044651925
0.746,13.7639066554
0.747,12.3711453404
0.748,10.450258692
0.749,10.1122811324
0.75,6.95082076239
0.751,4.80504472584
0.752,3.53295768185
0.753,9.9740296127
0.754,7.42544901694
0.755,10.8987752785
0.756,5.42442964589
0.757,7.80861882233
0.758,9.74904306142
0.759,4.51660022558
0.76,8.55697846613
0.761,7.74114103858
0.762,14.3973464348
0.763,9.03653232596
0.764,4.00584539094
0.765,10.6043108508
0.766,9.76939375214
0.767,6.29750902961
0.768,10.9920260878
0.769,6.61356714817
0.77,9.52438968222
0.771,5.83360568122
0.772,8.12040035312
0.773,8.31586805375
0.774,10.7101680986
0.775,6.77533203848
0.776,8.43677516241
0.777,7.45361314267
0.778,9.96486006935
0.779,8.12299700311
0.78,6.73156245864
0.781,10.7054273476
0.782,8.40954086409
0.783,9.43787160965
0.784,7.99394283729
0.785,11.308182994
0.786,9.58736027098
0.787,6.94294944775
0.788,8.04081133836
0.789,10.3608038808
0.79,3.6168807966
0.791,9.37404964462
0.792,5.12622386195
0.793,9.46982005894
0.794,7.81643621365
0.795,12.18584788
0.796,9.44106632618
0.797,7.5218125642
0.798,7.35508346052
0.799,6.74826059629
0.8,8.80904112327
0.801,9.69777676823
0.802,9.2359491916
0.803,2.67659352843
0.804,8.55561823344
0.805,8.18520698531
0.806,8.78885278642
0.807,7.21603855256
0.808,4.61054253825
0.809,6.49657741814
0.81,13.4276585352
0.811,5.75444977856
0.812,11.2233397545
0.813,12.5563320786
0.814,9.79182621809
0.815,4.79182086245
0.816,10.8371163293
0.817,7.22880582171
0.818,14.7668968633
0.819,5.46828857315
0.82,10.4490928531
0.821,12.1607019171
0.822,11.6038469189
0.823,11.7728639154
0.824,7.71230294513
0.825,7.92096986352
0.826,11.7454155993
0.827,13.3545680745
0.828,11.3506038023
0.829,9.08205539143
0.83,12.6885130279
0.831,7.44607826464
0.832,8.44171842111
0.833,9.60121761311
0.834,9.95927135942
0.835,12.1071082351
0.836,10.8679645532
0.837,6.59014363801
0.838,8.54013812053
0.839,6.13766819527
0.84,8.87790771437
0.841,6.84658003403
0.842,6.80999501784
0.843,13.1161195979
0.844,4.35389562396
0.845,2.97265185821
0.846,8.34666375512
0.847,9.1462973233
0.848,8.93337265713
0.849,8.65273313888
0.85,3.25571177227
0.851,7.34681596562
0.852,8.43163149444
0.853,6.94798058498
0.854,10.544639303
0.855,3.71618748424
0.856,9.96653026064
0.857,7.91951343013
0.858,7.59400827745
0.859,4.62044130428
0.86,5.70838969373
0.861,6.10580525022
0.862,9.48576019239
0.863,10.0670458649
0.864,9.25365071974
0.865,6.85208020139
0.866,8.26803923119
0.867,10.3394129194
0.868,9.3762671019
0.869,8.73933680024
0.87,7.63328708209
0.871,6.65708159446
0.872,7.66140366656
0.873,11.5560076665
0.874,9.08284109793
0.875,10.3295044541
0.876,8.15572161744
0.877,8.46793697712
0.878,9.02505640253
0.879,3.51572883612
0.88,6.85972471741
0.881,9.6979048653
0.882,7.80568411059
0.883,10.2785724755
0.884,4.47077823298
0.885,5.91303144749
0.886,6.23958392768
0.887,7.06908858496
0.888,5.8033547957
0.889,6.93393631616
0.89,10.7340378683
0.891,14.8986456343
0.892,9.44862091116
0.893,4.81907561896
0.894,8.95650717336
0.895,1.09636310112
0.896,7.06428006695
0.897,8.18934386633
0.898,10.0752399858
0.899,2.70500900757
0.9,7.89807551907
0.901,11.2067975626
0.902,7.17877130768
0.903,8.87657640131
0.904,6.53601845792
0.905,11.6610099333
0.906,11.2061130284
0.907,8.46764173697
0.908,9.49203513123
0.909,8.31305140409
0.91,7.16898454904
0.911,7.63262243307
0.912,5.2162525221
0.913,11.5227368557
0.914,8.61791960216
0.915,7.69145415936
0.916,6.71276325035
0.917,9.17625063177
0.918,9.95705867105
0.919,5.94744033539
0.92,10.6717161626
0.921,7.19921728504
0.922,6.5952764275
0.923,3.33617790285
0.924,5.07954741561
0.925,6.02430676855
0.926,9.61969473056
0.927,10.7408222703
0.928,8.60525737425
0.929,8.17571265262
0.93,9.48770703164
0.931,9.90044893647
0.932,9.29382059983
0.933,10.461326324
0.934,8.5550719762
0.935,3.59933061004
0.936,11.9586798405
0.937,7.21280480582
0.938,5.6791764498
0.939,8.16925716816
0.94,7.02444785748
0.941,6.97459319338
0.942,8.83749891934
0.943,11.2118914148
0.944,10.2838574891
0.945,7.81456661332
0.946,6.35767837131
0.947,7.0057214225
0.948,3.30076651729
0.949,5.78993174919
0.95,0.302707290238
0.951,10.3214163472
0.952,8.51399241383
0.953,10.1803668264
0.954,10.1552969474
0.955,4.70610593937
0.956,11.4000662859
0.957,8.32897288988
0.958,8.35736080256
0.959,7.66951255378
0.96,5.82431844356
0.961,6.76387643156
0.962,8.92508761158
0.963,4.91304348899
0.964,8.77676865808
0.965,4.9600227692
0.966,6.51376809701
0.967,7.77488335889
0.968,6.92708350754
0.969,6.94747873501
0.97,9.91111819937
0.971,8.56157003944
0.972,4.77172556306
0.973,7.05513507248
0.974,8.48526006451
0.975,11.5407613965
0.976,4.8409786901
0.977,7.43834963211
0.978,10.4992026894
0.979,6.00712840195
0.98,4.50393718243
0.981,11.1322000782
0.982,11.875135155
0.983,9.80111083307
0.984,7.40569541849
0.985,8.66091414288
0.986,9.10705551107
0.987,10.7168941729
0.988,5.58716546806
0.989,10.7066706308
0.99,2.75309257743
0.991,13.1697621924
0.992,12.0742356824
0.993,7.66468135553
0.994,10.1126190662
0.995,9.28750977556
0.996,10.7322239726
0.997,10.1489595312
0.998,7.79311079002
0.999,7.26915174035
1,5.53177033873
1.001,11.45988847
1.002,10.7352045817
1.003,10.1746002314
1.004,10.3063070005
1.005,5.95024581099
1.006,9.12552255959
1.007,11.8750877622
1.008,11.2883909684
1.009,5.37026501978
1.01,8.74577916539
1.011,7.75237540448
1.012,6.40405389501
1.013,6.46436385959
1.014,7.80184596618
1.015,4.76714683274
1.016,14.0122362339
1.017,10.0077621323
1.018,11.0000783952
1.019,7.86968873685
1.02,9.80819866071
1.021,11.4838236435
1.022,7.66400615384
1.023,6.50679278341
1.024,8.25018252245
1.025,8.0359885287
1.026,12.8260250208
1.027,8.90960742643
1.028,13.2531323988
1.029,12.2413501715
1.03,8.72368527782
1.031,8.35898911947
1.032,8.10978285805
1.033,9.33299910933
1.034,8.90829891867
1.035,7.81903913771
1.036,10.4992444029
1.037,6.96131475418
1.038,8.86338481523
1.039,4.34530103454
1.04,9.95808738727
1.041,10.5015209251
1.042,10.6591686747
1.043,13.6842963214
1.044,11.3890797754
1.045,9.29881644628
1.046,6.57201050385
1.047,12.923936291
1.048,9.08711401614
1.049,6.15816034897
1.05,9.72196801538
1.051,9.21680882504
1.052,5.85679928843
1.053,12.4351619471
1.054,11.512849961
1.055,3.34202932055
1.056,9.71096450546
1.057,8.15797152671
1.058,10.868000059
1.059,11.3226768375
1.06,4.99743857272
1.061,9.74899043225
1.062,12.316469742
1.063,8.07871714638
1.064,10.2656955981
1.065,5.19185111964
1.066,7.61203347653
1.067,0.499741140061
1.068,2.86885804951
1.069,7.3528862588
1.07,9.02227177084
1.071,11.119042684
1.072,7.23193601142
1.073,6.42987254054
1.074,8.01557681437
1.075,2.44363231432
1.076,9.98758878837
1.077,11.3684162776
1.078,9.82426497154
1.079,5.14755130971
1.08,5.85308052323
1.081,8.30260190963
1.082,13.2951475599
1.083,8.87476082284
1.084,9.43939707879
1.085,6.78780567158
1.086,7.57629845864
1.087,4.88397310685
1.088,11.0374471297
1.089,10.2405400467
1.09,3.18538896122
1.091,11.001457018
1.092,8.53578811943
1.093,4.56355904621
1.094,7.28474893504
1.095,10.3970208938
1.096,9.78744428721
1.097,11.6328032471
1.098,8.04464589832
1.099,11.9055993339
1.1,7.95273043879
1.101,7.37411348975
1.102,8.37407218884
1.103,10.0411033224
1.104,10.3931037782
1.105,5.97623130553
1.106,6.91488843509
1.107,6.19362732313
1.108,10.5026324054
1.109,8.27522203089
1.11,12.1401510692
1.111,8.5405008764
1.112,12.8000374219
1.113,8.21720726672
1.114,10.3901647528
1.115,8.17631651034
1.116,13.026319073
1.117,11.8498355214
1.118,10.7234783296
1.119,7.99855236278
1.12,5.56253386596
1.121,7.95690219889
1.122,9.24168304511
1.123,9.63566974393
1.124,14.5383738343
1.125,6.91289511841
1.126,9.48749438283
1.127,9.38018482029
1.128,9.37854432047
1.129,7.94807014928
1.13,9.21375172584
1.131,10.3015475789
1.132,9.28058617314
1.133,8.83422716205
1.134,11.4674033751
1.135,7.22841526905
1.136,12.9660144482
1.137,7.83042916875
1.138,10.9349526741
1.139,5.03302944163
1.14,5.64044706519
1.141,7.03901909607
1.142,7.33368308764
1.143,6.96906791022
1.144,9.35034805989
1.145,6.30080925197
1.146,7.13035605985
1.147,11.0066063274
1.148,7.17053257858
1.149,9.0229200033
1.15,8.45600263357
1.151,10.0506645352
1.152,10.0557536289
1.153,7.5845457958
1.154,7.1655688492
1.155,11.3232607515
1.156,10.074084825
1.157,11.3166570317
1.158,7.46270479163
1.159,10.9637361997
1.16,4.92795604939
1.161,5.80429119907
1.162,8.77805958512
1.163,13.3052952594
1.164,10.7296791642
1.165,9.49214227994
1.166,5.70194361621
1.167,8.78702807155
1.168,10.6270712122
1.169,7.11771668914
1.17,10.1296765024
1.171,8.49961397423
1.172,10.3574688521
1.173,8.94046856213
1.174,13.563616775
1.175,6.16306986127
1.176,7.19491058359
1.177,8.91788400918
1.178,7.6174707151
1.179,8.54271911147
1.18,7.16491180686
1.181,13.7479734967
1.182,9.35033754781
1.183,7.49643949731
1.184,11.8594029097
1.185,8.84338087417
1.186,8.55550921875
1.187,11.6260623793
1.188,9.12934176218
1.189,12.9693573054
1.19,9.38904327754
1.191,9.54430451168
1.192,9.72632563651
1.193,7.65661316988
1.194,11.1954216369
1.195,10.5270119651
1.196,9.64336338013
1.197,10.7269152008
1.198,5.00932576859
1.199,11.3467929997
1.2,8.80398902361
1.201,9.29907970206
1.202,10.0143989017
1.203,10.5226466881
1.204,5.84958502878
1.205,7.19767744239
1.206,9.19565354886
1.207,6.40649418378
1.208,7.36323926704
1.209,11.3640460689
1.21,11.4650781657
1.211,7.11695502351
1.212,8.63977984395
1.213,9.76206315813
1.214,9.36606462126
1.215,11.0873854993
1.216,8.28196900025
1.217,8.39833783329
1.218,8.78105375998
1.219,8.39070526311
1.22,12.2062765728
1.221,8.49091276055
1.222,10.5447070948
1.223,11.0396178574
1.224,7.61398576197
1.225,8.39830695163
1.226,4.15139745663
1.227,10.1097612117
1.228,6.36263229855
1.229,6.18495908687
1.23,10.3177296279
1.231,9.63933851459
1.232,4.58935995248
1.233,4.86481222999
1.234,10.7234643954
1.235,9.20270441572
1.236,11.0311264323
1.237,8.41803041144
1.238,10.6780882218
1.239,8.86160727504
1.24,9.92105540538
1.241,7.72768908551
1.242,4.32379606375
1.243,8.35759753363
1.244,11.9107910553
1.245,4.80616893227
1.246,8.89302756432
1.247,9.09914427763
1.248,6.93132356682
1.249,8.17915492796
1.25,6.35486796218
1.251,7.87368944781
1.252,10.4333796535
1.253,6.50179813406
1.254,9.76199781401
1.255,9.52635220324
1.256,7.84433699971
1.257,11.5280733826
1.258,11.4732797091
1.259,8.41718138786
1.26,6.6633640709
1.261,4.28806291665
1.262,9.09840040192
1.263,8.62107639128
1.264,9.61642326677
1.265,8.38700533614
1.266,7.7333737649
1.267,8.96414084015
1.268,10.6676989786
1.269,8.87931306329
1.27,10.1984663535
1.271,11.3925051384
1.272,8.97094317413
1.273,12.1875859142
1.274,11.7716363686
1.275,10.6178393182
1.276,8.71962778874
1.277,5.35376179359
1.278,5.84132001557
1.279,10.3105641266
1.28,8.50996957614
1.281,12.6853712167
1.282,8.51649311591
1.283,6.36223223778
1.284,8.53224664929
1.285,10.6975787004
1.286,5.26998074186
1.287,8.43555138197
1.288,9.19326361152
1.289,6.94557141883
1.29,9.19032377243
1.291,7.65183402035
1.292,6.64219784969
1.293,7.05579359408
1.294,7.48775056573
1.295,11.3269126067
1.296,12.3006097541
1.297,10.2089475003
1.298,9.27603822756
1.299,9.32908725419
1.3,6.86346319029
1.301,10.0291218173
1.302,8.98315315982
1.303,6.87576748416
1.304,7.92191478163
1.305,7.30253331662
1.306,7.13146195565
1.307,13.2465515052
1.308,8.5799615134
1.309,8.24491334283
1.31,3.29438508937
1.311,6.35715553208
1.312,5.66373600012
1.313,9.97928947272
1.314,4.42041461253
1.315,7.25365412713
1.316,7.38909153586
1.317,6.79696512615
1.318,10.9939748175
1.319,7.93093472896
1.32,6.61388373298
1.321,10.446832094
1.322,9.38660157235
1.323,6.40325310705
1.324,10.7635054051
1.325,10.4263801989
1.326,8.67764055208
1.327,7.46567166601
1.328,5.38253501542
1.329,7.63050304643
1.33,3.05382067502
1.331,6.31788170336
1.332,6.40136875901
1.333,7.37550242761
1.334,12.3353207779
1.335,9.65743902473
1.336,4.73734873667
1.337,5.87005435284
1.338,9.53503132294
1.339,5.0992054672
1.34,5.10831210152
1.341,6.75639293759
1.342,10.4254935313
1.343,11.4025150667
1.344,6.33012196826
1.345,4.2935785436
1.346,8.60591985821
1.347,7.48075426411
1.348,6.86327599459
1.349,6.04804833393
1.35,2.39311261567
1.351,10.8658687032
1.352,10.4651846769
1.353,8.61804941096
1.354,5.78056323466
1.355,5.18830586793
1.356,5.42267556491
1.357,11.0812563938
1.358,7.84521360607
1.359,9.29472133425
1.36,7.57314559949
1.361,11.0031022235
1.362,7.17196886786
1.363,7.57875904205
1.364,9.96828448062
1.365,8.19038726289
1.366,6.33961277535
1.367,4.38707955206
1.368,8.47756729006
1.369,7.00381195314
1.37,8.14566779908
1.371,9.42659469737
1.372,8.22800577656
1.373,10.3191165187
1.374,9.78610542829
1.375,8.04246079897
1.376,10.3282250291
1.377,9.55835035659
1.378,7.01372000162
1.379,8.52382995213
1.38,7.48381666787
1.381,9.52450453356
1.382,8.84459665683
1.383,7.09331181691
1.384,10.10563209
1.385,11.314483106
1.386,8.08911634731
1.387,7.83650503157
1.388,10.5978216962
1.389,8.15889922621
1.39,6.26329671664
1.391,7.8354659842
1.392,11.8335195625
1.393,8.22031664542
1.394,8.43256242178
1.395,7.70472108653
1.396,5.04387884658
1.397,6.15785762656
1.398,6.31595257809
1.399,3.54873442166
1.4,4.35592762147
1.401,11.2269068922
1.402,9.46179016057
1.403,9.05113558135
1.404,10.0122622688
1.405,10.921771529
1.406,8.2377328126
1.407,7.73952699831
1.408,7.84473022975
1.409,5.811364734
1.41,7.48549755915
1.411,8.47865879728
1.412,5.02153117668
1.413,5.88967562297
1.414,8.62786574388
1.415,9.21187762816
1.416,6.00329307111
1.417,6.53442447426
1.418,11.890547389
1.419,10.2554377825
1.42,9.42165093939
1.421,12.4497426057
1.422,7.01550051575
1.423,13.455857496
1.424,9.72782081366
1.425,6.81332904657
1.426,8.35464867842
1.427,8.10864194254
1.428,7.5781681979
1.429,7.8110528607
1.43,7.54654064935
1.431,5.38379409596
1.432,10.6027542397
1.433,9.54930104296
1.434,1.14093039203
1.435,5.09773023667
1.436,8.26821952705
1.437,7.99108082317
1.438,11.3968733618
1.439,6.28960166133
1.44,9.09993146771
1.441,7.98458109402
1.442,9.54521904974
1.443,10.5184581216
1.444,8.2677282607
1.445,7.56048361859
1.446,8.77588446353
1.447,4.55394122906
1.448,9.3948701222
1.449,9.42302879117
1.45,7.3596853985
1.451,8.77078370795
1.452,7.11152727757
1.453,10.479518389
1.454,11.1742188192
1.455,2.74990614992
1.456,8.89263140107
1.457,6.96442714004
1.458,8.58537717485
1.459,8.94086088798
1.46,5.44170295298
1.461,8.29656934961
1.462,10.3602348611
1.463,12.5983346038
1.464,9.73901163705
1.465,7.97624757735
1.466,11.9127408442
1.467,9.92888507755
1.468,9.1122297246
1.469,9.39017227019
1.47,10.8778500774
1.471,9.13732979203
1.472,5.17719218826
1.473,8.10498462688
1.474,10.9496636902
1.475,11.2198756572
1.476,9.21187939756
1.477,6.32955362873
1.478,9.60699639335
1.479,8.44716996315
1.48,3.50701519827
1.481,10.1328396053
1.482,13.0079431663
1.483,9.85274353181
1.484,9.99924185944
1.485,6.72609202335
1.486,5.49704749207
1.487,7.1013310933
1.488,9.45521076437
1.489,10.4034133265
1.49,9.50059187981
1.491,8.50591291357
1.492,7.12567834322
1.493,6.96035682615
1.494,4.14827543426
1.495,11.7852169576
1.496,7.83836270259
1.497,4.97802141325
1.498,4.77020092356
1.499,8.08025115569
1.5,8.71680739573
1.501,10.6315359407
1.502,10.0900109725
1.503,6.78437850361
1.504,11.0779687187
1.505,8.95995139346
1.506,7.97703935818
1.507,11.6679552364
1.508,9.93862673451
1.509,5.43821999711
1.51,13.9306059271
1.511,7.00845670483
1.512,5.10408787543
1.513,7.11431533064
1.514,6.15780522903
1.515,7.32441624791
1.516,9.37415295489
1.517,6.59780682696
1.518,3.32089482706
1.519,10.7542440527
1.52,9.68263034778
1.521,11.0612334297
1.522,13.9750766692
1.523,8.23994022184
1.524,9.61551870104
1.525,9.11937673871
1.526,8.45129361304
1.527,10.0923844041
1.528,9.06527233126
1.529,9.65079571635
1.53,9.94137409634
1.531,7.2604889594
1.532,9.32038498087
1.533,13.0249786865
1.534,12.8803115799
1.535,10.4260247502
1.536,7.10157126971
1.537,5.91508848011
1.538,8.06367076071
1.539,11.1274608933
1.54,11.0139361237
1.541,7.83309077868
1.542,9.44559649789
1.543,14.3404567786
1.544,8.08509394246
1.545,9.19930571717
1.546,10.3214305543
1.547,7.02054212484
1.548,5.77776939681
1.549,12.1199912178
1.55,7.54480512225
1.551,5.63904425175
1.552,10.7274854535
1.553,4.96211086874
1.554,8.164652697
1.555,8.41395115694
1.556,6.60476924922
1.557,12.0277713822
1.558,8.613228025
1.559,8.75563266288
1.56,9.99581457698
1.561,10.4556813381
1.562,10.2421031649
1.563,8.29469842085
1.564,6.25203874458
1.565,10.543193691
1.566,10.8615535783
1.567,10.0555121732
1.568,8.98023054997
1.569,11.9829897551
1.57,13.174613537
1.571,9.15646605024
1.572,11.2042608959
1.573,7.22526118002
1.574,10.9730597834
1.575,11.2950008558
1.576,10.4418503549
1.577,6.10016138433
1.578,8.83568014418
1.579,9.3168046789
1.58,8.40036350831
1.581,11.2630570364
1.582,6.73398228461
1.583,11.5936880475
1.584,7.2562754229
1.585,10.6779840573
1.586,10.4642958938
1.587,8.73976990313
1.588,5.89609473003
1.589,10.7104027734
1.59,7.82884078305
1.591,4.3278639463
1.592,9.07051910638
1.593,10.1312888619
1.594,9.15884712012
1.595,7.10530821305
1.596,7.94928408212
1.597,9.92909584157
1.598,7.89623520042
1.599,7.55152415105
1.6,8.0568477242
1.601,3.89486155582
1.602,7.95692764608
1.603,6.14535457768
1.604,11.9176548274
1.605,5.50282773535
1.606,10.3148461904
1.607,10.9482641055
1.608,7.8365535134
1.609,9.63549134928
1.61,5.56608842073
1.611,5.63934754889
1.612,8.58251849641
1.613,12.4604189153
1.614,10.1460545662
1.615,8.43925416091
1.616,9.30536013915
1.617,7.19495738012
1.618,15.9145891265
1.619,6.54693298233
1.62,9.00359747097
1.621,7.857076122
1.622,5.89038761349
1.623,5.48613243965
1.624,10.6949968425
1.625,9.05422909906
1.626,9.53542110575
1.627,7.28429961246
1.628,8.71257329619
1.629,5.60387824242
1.63,3.31176640445
1.631,10.1473962867
1.632,11.938514066
1.633,6.20608704101
1.634,10.8669701124
1.635,5.83678056834
1.636,5.90754445908
1.637,12.2462291807
1.638,10.7250536645
1.639,10.6397196551
1.64,7.707121802
1.641,7.68414679894
1.642,5.17533238605
1.643,3.18332925081
1.644,7.44056222198
1.645,8.01029847853
1.646,9.09630491689
1.647,6.92292514771
1.648,9.5245303059
1.649,1.30648590983
1.65,10.1596981151
1.651,7.56941501664
1.652,6.14164877661
1.653,10.8144856271
1.654,8.49417604542
1.655,7.39155611105
1.656,12.6509910998
1.657,9.11907272093
1.658,7.58369602882
1.659,3.5557814057
1.66,7.53067336465
1.661,10.454969459
1.662,11.5900338275
1.663,9.46474835848
1.664,10.2656464544
1.665,8.48898430746
1.666,8.98041518945
1.667,8.72367567158
1.668,10.8056313892
1.669,9.80822559625
1.67,6.91077188923
1.671,9.60189658483
1.672,9.66963050026
1.673,7.17329422498
1.674,8.32444382092
1.675,11.3685751318
1.676,10.1459780221
1.677,4.20139557258
1.678,5.82256321305
1.679,7.01965535482
1.68,7.08303440698
1.681,10.4363616235
1.682,9.42176733966
1.683,6.84941443513
1.684,8.13441614652
1.685,12.7738067651
1.686,10.143109533
1.687,2.75058270804
1.688,8.79017414193
1.689,11.3060509954
1.69,11.6303343251
1.691,5.5017033939
1.692,7.98709888682
1.693,6.30798742118
1.694,10.666104374
1.695,11.1602815493
1.696,9.42966445773
1.697,10.6721997673
1.698,8.76208199291
1.699,6.57966139191
1.7,13.9541036701
1.701,10.4507979194
1.702,10.637221329
1.703,12.505827778
1.704,5.65728680853
1.705,12.1877934845
1.706,5.3381624283
1.707,5.9710198032
1.708,6.43437488592
1.709,7.84330829251
1.71,5.57131147087
1.711,8.88770747927
1.712,9.65582010839
1.713,5.15591228512
1.714,5.84809959912
1.715,11.5562870777
1.716,8.73028684859
1.717,6.27438503611
1.718,7.11262430365
1.719,12.3580574014
1.72,8.18768682635
1.721,6.81970691447
1.722,10.4211892873
1.723,3.27521194147
1.724,8.56241469611
1.725,7.62095872526
1.726,11.1304361002
1.727,12.9554899995
1.728,8.71852132523
1.729,10.9056879361
1.73,3.07685022058
1.731,7.24053032185
1.732,8.63190595657
1.733,8.60513234782
1.734,6.94190439629
1.735,6.86569953241
1.736,10.3880439393
1.737,9.18883304914
1.738,9.21516277598
1.739,10.8001256823
1.74,9.84878528375
1.741,8.67194354431
1.742,7.68827311473
1.743,8.58304482586
1.744,9.49955382519
1.745,7.73798831206
1.746,4.9203793406
1.747,8.29510609893
1.748,9.75181198189
1.749,8.9967488958
1.75,8.04503377851
1.751,7.78663090689
1.752,9.65905632225
1.753,3.73044994535
1.754,9.29502539559
1.755,10.1683324226
1.756,12.2163867166
1.757,9.53358294612
1.758,9.21365280487
1.759,10.0026830037
1.76,10.0826960141
1.761,9.84761727817
1.762,6.85609577249
1.763,5.69675916605
1.764,7.82258384274
1.765,7.98221939799
1.766,9.31588359557
1.767,10.7828952966
1.768,10.3774512674
1.769,9.03384502743
1.77,10.3581783962
1.771,5.96417427728
1.772,10.4861969743
1.773,12.4137485246
1.774,13.007516536
1.775,6.35917991563
1.776,4.53662316802
1.777,6.05491534277
1.778,4.38260980252
1.779,6.70522171274
1.78,11.333397353
1.781,3.18337256429
1.782,14.5879571907
1.783,12.7287174129
1.784,13.7562705997
1.785,6.93487810523
1.786,7.25132665389
1.787,10.5962639856
1.788,8.80077425792
1.789,8.06599299972
1.79,9.97111677493
1.791,6.22906730687
1.792,8.85559162648
1.793,6.7909050401
1.794,7.40721161971
1.795,12.1060337676
1.796,1.64532096334
1.797,11.603594925
1.798,4.05797587669
1.799,8.48704640766
1.8,9.82323512275
1.801,8.83491044873
1.802,9.20253347075
1.803,9.54604397057
1.804,9.24981393471
1.805,8.67556826532
1.806,11.0627543629
1.807,3.08435496651
1.808,3.71504347797
1.809,4.58719755239
1.81,9.76317124134
1.811,5.43872026944
1.812,10.8095027049
1.813,8.74101434591
1.814,8.57589609817
1.815,9.17015952204
1.816,8.22992028227
1.817,9.42209824722
1.818,7.00617391904
1.819,11.0635065446
1.82,9.38331261773
1.821,1.45521244087
1.822,8.9420675117
1.823,9.13045054308
1.824,11.8858582518
1.825,6.00697432541
1.826,5.65120465159
1.827,9.57498931862
1.828,7.34918190152
1.829,8.46388974966
1.83,7.02848232683
1.831,8.93230312344
1.832,7.17896259945
1.833,12.0163213845
1.834,8.05768513231
1.835,11.3950531946
1.836,6.62358393316
1.837,11.8369625733
1.838,5.27018487849
1.839,6.63959364194
1.84,10.3867640359
1.841,8.31442573321
1.842,9.11987762218
1.843,7.21763707707
1.844,5.92075046517
1.845,8.47927072239
1.846,6.80527999925
1.847,7.58460337216
1.848,7.82052129017
1.849,7.55072724637
1.85,10.1709617339
1.851,9.19648103889
1.852,6.54774228807
1.853,10.7264436121
1.854,6.46231974128
1.855,10.9038975298
1.856,8.49304799502
1.857,5.01980868412
1.858,7.63129822489
1.859,7.44788605696
1.86,2.66051571677
1.861,11.0532981524
1.862,5.78294760695
1.863,4.73807331371
1.864,10.7197951482
1.865,8.52574232075
1.866,9.91835121416
1.867,9.30112031914
1.868,5.12576324136
1.869,9.78862296198
1.87,15.2491710268
1.871,8.85359391179
1.872,9.61800167224
1.873,9.05731096858
1.874,8.33566494514
1.875,10.113257367
1.876,11.2132858392
1.877,6.14841735673
1.878,6.308075014
1.879,4.3087501231
1.88,9.25630755395
1.881,7.40905365865
1.882,6.98355936095
1.883,6.16804620416
1.884,8.64108364064
1.885,2.6585334059
1.886,3.63506792298
1.887,1.2923005608
1.888,3.88046005883
1.889,4.48776643082
1.89,1.99481660748
1.891,1.06333216254
1.892,2.32029325868
1.893,1.08842239
1.894,4.21628606039
1.895,4.02467071666
1.896,3.69019762941
1.897,1.39901343468
1.898,3.08971193299
1.899,5.43054139905
1.9,3.85415121669
1.901,2.72682698625
1.902,6.37854862171
1.903,1.74439315226
1.904,2.11604995664
1.905,1.90173898442
1.906,3.40722941614
1.907,3.16659989224
1.908,2.47032445964
1.909,4.17506224523
1.91,3.25097799435
1.911,0.889982690712
1.912,2.80968625885
1.913,2.91080416099
1.914,4.08892192854
1.915,5.73940331653
1.916,1.23093735406
1.917,4.65665630732
1.918,3.45116155436
1.919,4.94267299942
1.92,3.17381153537
1.921,3.87088794953
1.922,0.702721006451
1.923,1.73644775274
1.924,3.04816767261
1.925,3.12254814712
1.926,1.98919136125
1.927,1.60361370269
1.928,2.92625391149
1.929,5.08027427638
1.93,5.67487674051
1.931,2.82650614254
1.932,9.46794050284
1.933,4.16131388939
1.934,3.0153497751
1.935,2.88644017561
1.936,3.94323715226
1.937,5.33337754849
1.938,0.771891194187
1.939,1.56946638659
1.94,1.15283734611
1.941,4.17763780711
1.942,1.06645931113
1.943,1.91808712936
1.944,2.62938164797
1.945,0.901839189874
1.946,1.77564180079
1.947,2.9306570388
1.948,2.34508424764
1.949,3.3097401354
1.95,0.643357649955
1.951,3.99863204626
1.952,3.22158996777
1.953,2.9769473524
1.954,4.30433575821
1.955,6.84729192327
1.956,1.34314327433
1.957,6.20382890887
1.958,5.39665288508
1.959,8.05247797261
1.96,2.67649248952
1.961,3.54117437175
1.962,3.23885840427
1.963,4.23270410278
1.964,2.20975467746
1.965,2.72795650772
1.966,2.95039475977
1.967,1.80641862277
1.968,5.75519609524
1.969,4.18201045298
1.97,4.03518586207
1.971,1.79173813515
1.972,0.898931570434
1.973,1.9168835784
1.974,4.53660946356
1.975,1.91382327953
1.976,2.24049387065
1.977,3.99142648176
1.978,4.29478730739
1.979,1.26949234379
1.98,4.97100097639
1.981,3.83279399855
1.982,4.53115407899
1.983,6.15897978246
1.984,3.30860947341
1.985,1.30807679798
1.986,3.15155356084
1.987,3.12433966593
1.988,1.82425997472
1.989,7.45433008284
1.99,3.72341577084
1.991,2.40670934169
1.992,3.34412059857
1.993,4.97917680433
1.994,3.13069396227
1.995,6.68085949193
1.996,3.23517413393
1.997,6.38712830788
1.998,1.40273004412
1.999,3.29774063704
2,1.40462662391
2.001,2.22141427158
2.002,2.18933005917
2.003,0.559377444762
2.004,4.2612994707
2.005,3.75401145958
2.006,4.58365548177
2.007,3.84874737276
2.008,3.81541903774
2.009,3.92371902726
2.01,2.65214958281
2.011,4.76304633406
2.012,0.722620560658
2.013,1.962121982
2.014,5.19924828119
2.015,6.01123733274
2.016,3.56172510701
2.017,0.827021240985
2.018,2.74974036266
2.019,1.6239203628
2.02,5.01292133769
2.021,0.46315026836
2.022,1.0253776501
2.023,4.00609008838
2.024,2.49634301878
2.025,2.02009038788
2.026,0.840970699218
2.027,1.34147785712
2.028,0.665537371997
2.029,0.484466210675
2.03,0.960406480385
2.031,2.93990834561
2.032,4.81294812355
2.033,0.759720869559
2.034,1.5998619766
2.035,5.86675542985
2.036,2.06288463976
2.037,5.04416868096
2.038,3.35583893526
2.039,2.89611692586
2.04,3.74304072411
2.041,4.168135302
2.042,1.40077223369
2.043,4.58769594986
2.044,3.60845828616
2.045,4.02730508715
2.046,2.98049606199
2.047,5.81311630676
2.048,6.59783221124
2.049,5.96735945192
2.05,1.87174568575
2.051,1.47118929191
2.052,2.07603734182
2.053,3.47711800436
2.054,3.78429599207
2.055,2.00683855198
2.056,5.37469627189
2.057,5.90204392059
2.058,7.26897779009
2.059,3.29170108428
2.06,7.82517083759
2.061,2.54750481544
2.062,4.75215615854
2.063,3.25761263398
2.064,6.22504159767
2.065,2.29642201438
2.066,2.59496601691
2.067,2.14800138714
2.068,4.51416500326
2.069,1.34090960289
2.07,3.98346878261
2.071,3.45588511759
2.072,1.64805369771
2.073,3.80526237336
2.074,2.19905993815
2.075,3.24692910069
2.076,4.38938824089
2.077,8.13348202276
2.078,4.55865843183
2.079,4.40559597875
2.08,5.52397481921
2.081,2.63908039467
2.082,2.1564039219
2.083,1.97707454277
2.084,3.40989767875
2.085,0.625529395815
2.086,3.84574938742
2.087,3.13898718473
2.088,1.65050730716
2.089,4.22805161732
2.09,5.74156449738
2.091,2.21783792423
2.092,1.02625765652
2.093,0.296945459694
2.094,6.48912855595
2.095,4.4035848301
2.096,4.2369014296
2.097,4.21716571728
2.098,6.20152890213
2.099,6.88345447657
2.1,2.19849366363
2.101,1.28232858581
2.102,3.79479144441
2.103,2.22214463542
2.104,2.82345043501
2.105,3.8358219145
2.106,1.33329249216
2.107,2.29350555933
2.108,3.17816416505
2.109,1.28276933322
2.11,3.42647526503
2.111,5.17454388291
2.112,3.35322468554
2.113,4.13136734467
2.114,2.70618158079
2.115,4.22853825579
2.116,3.1949928528
2.117,3.50384255268
2.118,5.60957610078
2.119,2.07447201782
2.12,2.19107320995
2.121,5.66321997618
2.122,3.32518736484
2.123,2.1900705168
2.124,5.17993283357
2.125,5.22469039144
2.126,4.96560367509
2.127,2.77589479466
2.128,4.37641760886
2.129,3.78580814954
2.13,5.04784625472
2.131,2.94387278772
2.132,5.82619955466
2.133,5.96107882501
2.134,1.00021573492
2.135,2.20760680244
2.136,2.64262909594
2.137,6.14312446142
2.138,0.845634417228
2.139,3.60790032042
2.14,3.96629915297
2.141,3.24443004343
2.142,4.68808826758
2.143,6.38562066185
2.144,4.45116193387
2.145,1.7363866285
2.146,3.96479794632
2.147,3.39569364195
2.148,0.908632454439
2.149,1.01116954502
2.15,3.09025207461
2.151,1.23023551208
2.152,3.537965763
2.153,2.95086660637
2.154,3.80915207891
2.155,0.446594981188
2.156,6.64157091834
2.157,2.72812066532
2.158,1.25052868299
2.159,3.65816957058
2.16,2.72342894911
2.161,3.17469672836
2.162,6.80647170818
2.163,1.19654910041
2.164,4.34109817688
2.165,5.87238165681
2.166,5.23873928823
2.167,3.86499657239
2.168,1.40468769583
2.169,6.53558337013
2.17,5.67186490291
2.171,3.65995738271
2.172,2.42954392313
2.173,1.25946622517
2.174,1.68880462647
2.175,1.09679636902
2.176,3.29700830698
2.177,2.72777041492
2.178,4.85747422566
2.179,2.40108276837
2.18,1.23024000001
2.181,4.31353036526
2.182,3.2737056747
2.183,4.88233006483
2.184,2.21637649763
2.185,2.86834088896
2.186,2.48716950865
2.187,2.09144606046
2.188,5.62695583921
2.189,4.05916941903
2.19,3.83111405551
2.191,3.16566544345
2.192,4.68053779808
2.193,6.71716353292
2.194,5.55306599429
2.195,2.06038074268
2.196,5.66402290887
2.197,7.49525353509
2.198,4.04963647811
2.199,2.16787153762
2.2,5.31012999063
2.201,1.67423106283
2.202,4.70749298066
2.203,1.29079934766
2.204,4.90591245398
2.205,3.52987431103
2.206,0.911543041368
2.207,4.97272707612
2.208,3.23005318049
2.209,6.05954237214
2.21,7.36519775782
2.211,4.28388432775
2.212,1.65672891905
2.213,3.23186759742
2.214,8.4956549597
2.215,1.36691071249
2.216,2.19563909708
2.217,3.75707573151
2.218,0.708873043873
2.219,1.85335853097
2.22,0.695892013429
2.221,3.51947497772
2.222,1.96298332511
2.223,3.41388934529
2.224,5.04891795282
2.225,1.73367535527
2.226,0.591118049884
2.227,2.34475160832
2.228,1.54742647093
2.229,4.62040261353
2.23,5.48591306059
2.231,4.37332130502
2.232,3.3145880004
2.233,2.96409029146
2.234,4.37537646394
2.235,2.32629943849
2.236,1.3817906532
2.237,3.93916541798
2.238,2.03502514172
2.239,3.55168547609
2.24,0.78359415779
2.241,2.60822974938
2.242,1.58019544595
2.243,3.1769937098
2.244,1.41982406732
2.245,4.12824166927
2.246,1.19881541381
2.247,3.81794253759
2.248,3.08779777433
2.249,0.144119313238
2.25,2.39218511636
2.251,4.94807183641
2.252,6.66819238049
2.253,1.22283103869
2.254,3.10500229695
2.255,4.31262595458
2.256,4.09359022053
2.257,3.08596641686
2.258,3.62184380092
2.259,2.40463200141
2.26,0.874534625315
2.261,6.0247325476
2.262,2.58833977772
2.263,3.54254759628
2.264,2.81533445844
2.265,2.78807419161
2.266,0.526993181184
2.267,3.58456270547
2.268,3.24312691584
2.269,4.77130437994
2.27,1.2151422049
2.271,5.46798181638
2.272,1.52066974296
2.273,1.68328361964
2.274,2.77459140216
2.275,1.57960039728
2.276,2.90095525805
2.277,1.47444871291
2.278,3.05847383459
2.279,7.11188196925
2.28,2.32894732299
2.281,0.282701366878
2.282,1.02754526487
2.283,1.25011085847
2.284,0.451896058966
2.285,4.9765610083
2.286,1.7137017823
2.287,6.61252188462
2.288,1.14978674261
2.289,3.38652853381
2.29,4.75239402656
2.291,3.04614117339
2.292,1.05562171635
2.293,2.36583022844
2.294,4.46386367573
2.295,0.539785068036
2.296,0.274599247227
2.297,1.63818266371
2.298,6.3476649897
2.299,0.638026533874
2.3,5.82467117069
2.301,2.74392311849
2.302,6.14361532351
2.303,6.11423267988
2.304,1.49211119295
2.305,0.898330328604
2.306,6.27832742869
2.307,4.50622020072
2.308,4.1506977523
2.309,5.45452188679
2.31,1.0244868217
2.311,6.45099727841
2.312,7.48345075939
2.313,3.031874981
2.314,3.77458615814
2.315,3.53531827785
2.316,1.47583302639
2.317,3.03499598684
2.318,1.19960367287
2.319,5.03451939002
2.32,3.81989662236
2.321,7.03211334298
2.322,4.15565692309
2.323,1.21287473228
2.324,3.25098512959
2.325,3.67583812192
2.326,4.49990523071
2.327,2.09407921981
2.328,1.79287303202
2.329,1.4245649979
2.33,3.22144422988
2.331,2.9236028502
2.332,1.26455401896
2.333,1.99422909287
2.334,1.45197514128
2.335,3.53666186733
2.336,2.57385115346
2.337,2.74715676735
2.338,6.96547881955
2.339,3.74095884679
2.34,6.26555414074
2.341,2.48002477863
2.342,3.9145036999
2.343,0.809923277023
2.344,3.33842811197
2.345,2.51830362898
2.346,5.58232279822
2.347,4.3116828268
2.348,3.54146474677
2.349,0.615480962335
2.35,4.75482977496
2.351,1.96620666821
2.352,1.48063582689
2.353,2.05067126482
2.354,1.91203431338
2.355,3.42285983655
2.356,7.10150946463
2.357,3.13676357549
2.358,6.56747801292
2.359,2.02933285938
2.36,4.96051336167
2.361,3.03490616583
2.362,2.74131468932
2.363,5.09873993514
2.364,2.55052724417
2.365,3.27920465842
2.366,2.63074183124
2.367,4.28051257899
2.368,1.76372836573
2.369,4.98000209373
2.37,1.81773730664
2.371,4.94419506636
2.372,2.39809447736
2.373,0.803845122697
2.374,1.8274239725
2.375,3.44521690604
2.376,0.848927194678
2.377,3.14045488277
2.378,2.57999574112
2.379,4.38491640316
2.38,4.17934371475
2.381,3.86792677888
2.382,0.877518940702
2.383,1.95667407141
2.384,3.64924184598
2.385,7.59154311359
2.386,2.09214148183
2.387,0.760423061561
2.388,3.73376739579
2.389,2.84253104578
2.39,2.60488344985
2.391,6.46751021372
2.392,1.45467987103
2.393,0.923199680114
2.394,2.71638734002
2.395,4.18985315863
2.396,2.49336300549
2.397,4.1606417262
2.398,2.78303626152
2.399,3.37979849602
2.4,4.32042869907
2.401,4.70118499701
2.402,3.83218077363
2.403,4.03350614402
2.404,3.76392308796
2.405,3.72248650186
2.406,3.71800248258
2.407,4.57668007559
2.408,5.40056196216
2.409,0.479608244146
2.41,2.66808921107
2.411,3.6092113245
2.412,6.63994222664
2.413,2.68230190431
2.414,0.918915592037
2.415,2.43134680217
2.416,8.72099834236
2.417,2.98648922245
2.418,1.2181031915
2.419,7.22601335546
2.42,2.25524289047
2.421,0.346595479044
2.422,2.64750730524
2.423,3.02274733842
2.424,4.25625637049
2.425,3.7145423379
2.426,4.40058704031
2.427,2.13484713613
2.428,5.35560101808
2.429,3.66044214764
2.43,0.302788436981
2.431,3.10301151452
2.432,2.67442882665
2.433,4.07149653321
2.434,4.66217528274
2.435,6.44924424294
2.436,7.29282813705
2.437,5.18835148857
2.438,2.35692517216
2.439,2.93032879103
2.44,4.61208491349
2.441,1.65540933011
2.442,5.49062289749
2.443,1.43973153882
2.444,1.86534981285
2.445,4.64544191708
2.446,5.1399996745
2.447,2.35226145609
2.448,4.99927742908
2.449,4.35950196696
2.45,0.322704544388
2.451,4.62277010639
2.452,1.96219340065
2.453,2.68078449775
2.454,2.86102183021
2.455,2.07199016066
2.456,2.01026505283
2.457,1.48288778991
2.458,3.91579858642
2.459,3.28970709547
2.46,2.24364821726
2.461,4.59622341488
2.462,2.8626821437
2.463,5.51627061555
2.464,3.79978589705
2.465,3.27981885893
2.466,2.15595107341
2.467,0.193762244983
2.468,1.01910886998
2.469,4.59664578979
2.47,4.5731621926
2.471,4.78282277392
2.472,0.838104236299
2.473,4.36759485751
2.474,1.91057214557
2.475,0.888426594236
2.476,1.87929441666
2.477,4.7983281801
2.478,0.515551109332
2.479,1.47837593624
2.48,0.501571527007
2.481,4.59823646315
2.482,2.10347517061
2.483,3.29469355954
2.484,4.47004384153
2.485,1.09631216443
2.486,2.56354635799
2.487,3.30978654393
2.488,2.7627032695
2.489,2.39033206857
2.49,2.76975938079
2.491,3.43444260705
2.492,3.38432438132
2.493,2.59127213316
2.494,2.43715937338
2.495,2.0406703689
2.496,1.02901966695
2.497,2.66234347697
2.498,5.12848830085
2.499,2.96664289737
2.5,4.27380083045
2.501,3.22925474885
2.502,3.78357552233
2.503,2.03337266516
2.504,2.86430758418
2.505,1.17030772506
2.506,1.22553180106
2.507,2.52918094018
2.508,1.42292310572
2.509,3.01730086376
2.51,2.2037591421
2.511,3.83644090133
2.512,2.23970408517
2.513,2.4564174668
2.514,1.7866673067
2.515,2.8096639926
2.516,3.23529289424
2.517,1.96873960112
2.518,4.0585484049
2.519,1.11672675841
2.52,0.575716052898
2.521,0.741204662152
2.522,2.73486669318
2.523,1.63542239197
2.524,0.882649055903
2.525,1.91402059849
2.526,4.98341920228
2.527,0.472609701917
2.528,0.802178462022
2.529,3.30214321085
2.53,4.81273248345
2.531,4.07663141751
2.532,3.7472534645
2.533,3.63748955231
2.534,0.705130471682
2.535,2.63284851373
2.536,0.230804344118
2.537,2.2192104809
2.538,3.85711030306
2.539,4.0898001783
2.54,2.19317913737
2.541,1.7723329262
2.542,4.81352666672
2.543,3.6365823279
2.544,2.89000190137
2.545,3.20967217534
2.546,3.62999079984
2.547,1.88546246259
2.548,4.05213155588
2.549,2.55700470872
2.55,3.12261408538
2.551,0.459497864378
2.552,3.0394890137
2.553,1.74932564815
2.554,2.53372562328
2.555,2.13080480218
2.556,3.09582400465
2.557,1.65568170613
2.558,2.75953277314
2.559,2.9622638135
2.56,1.26219533622
2.561,0.300272052245
2.562,4.01442897981
2.563,1.16446174588
2.564,4.44891014397
